timeStamp,elapsed,label,responseCode,responseMessage,threadName,dataType,success,failureMessage,bytes,sentBytes,grpThreads,allThreads,URL,Latency,IdleTime,Connect
1639651047144,203,get_method,200,OK,Group_23 1-1,text,true,,160,143,3,3,http://162.55.220.72:5005/get_method?name=Fera&age=27,203,0,96
1639651047245,207,get_method,200,OK,Group_23 1-2,text,true,,160,143,4,4,http://162.55.220.72:5005/get_method?name=Fera&age=27,207,0,100
1639651047348,192,user_info_2,200,OK,Group_23 1-1,text,true,,380,239,4,4,http://162.55.220.72:5005/user_info_2,192,0,94
1639651047346,207,get_method,200,OK,Group_23 1-3,text,true,,160,143,5,5,http://162.55.220.72:5005/get_method?name=Fera&age=27,207,0,102
1639651047449,197,get_method,200,OK,Group_23 1-4,text,true,,160,143,5,5,http://162.55.220.72:5005/get_method?name=Fera&age=27,196,0,95
1639651047453,208,user_info_2,200,OK,Group_23 1-2,text,true,,380,239,6,6,http://162.55.220.72:5005/user_info_2,207,0,97
1639651047546,211,get_method,200,OK,Group_23 1-5,text,true,,160,143,7,7,http://162.55.220.72:5005/get_method?name=Fera&age=27,211,0,97
1639651047553,205,user_info_2,200,OK,Group_23 1-3,text,true,,380,239,7,7,http://162.55.220.72:5005/user_info_2,205,0,96
1639651047541,219,user_info_3,200,OK,Group_23 1-1,text,true,,258,240,7,7,http://162.55.220.72:5005/user_info_3,219,0,101
1639651047646,187,user_info_2,200,OK,Group_23 1-4,text,true,,380,239,7,7,http://162.55.220.72:5005/user_info_2,187,0,91
1639651047647,199,get_method,200,OK,Group_23 1-6,text,true,,160,143,7,7,http://162.55.220.72:5005/get_method?name=Fera&age=27,199,0,97
1639651047661,209,user_info_3,200,OK,Group_23 1-2,text,true,,258,240,8,8,http://162.55.220.72:5005/user_info_3,209,0,103
1639651047745,216,get_method,200,OK,Group_23 1-7,text,true,,160,143,9,9,http://162.55.220.72:5005/get_method?name=Fera&age=27,215,0,100
1639651047757,204,user_info_2,200,OK,Group_23 1-5,text,true,,380,239,9,9,http://162.55.220.72:5005/user_info_2,204,0,96
1639651047760,205,object_info_1,200,OK,Group_23 1-1,text,true,,208,156,9,9,http://162.55.220.72:5005/object_info_1?name=Fera&age=27&weight=50,205,0,100
1639651047758,207,user_info_3,200,OK,Group_23 1-3,text,true,,258,240,9,9,http://162.55.220.72:5005/user_info_3,207,0,95
1639651047846,201,user_info_2,200,OK,Group_23 1-6,text,true,,380,239,10,10,http://162.55.220.72:5005/user_info_2,200,0,95
1639651047833,214,user_info_3,200,OK,Group_23 1-4,text,true,,258,240,10,10,http://162.55.220.72:5005/user_info_3,214,0,102
1639651047847,211,get_method,200,OK,Group_23 1-8,text,true,,160,143,10,10,http://162.55.220.72:5005/get_method?name=Fera&age=27,211,0,101
1639651047870,212,object_info_1,200,OK,Group_23 1-2,text,true,,208,156,10,10,http://162.55.220.72:5005/object_info_1?name=Fera&age=27&weight=50,212,0,98
1639651047947,202,get_method,200,OK,Group_23 1-9,text,true,,160,143,10,10,http://162.55.220.72:5005/get_method?name=Fera&age=27,201,0,96
1639651047961,208,user_info_3,200,OK,Group_23 1-5,text,true,,258,240,10,10,http://162.55.220.72:5005/user_info_3,208,0,98
1639651047961,214,user_info_2,200,OK,Group_23 1-7,text,true,,380,239,10,10,http://162.55.220.72:5005/user_info_2,214,0,101
1639651047966,212,object_info_1,200,OK,Group_23 1-3,text,true,,208,156,10,10,http://162.55.220.72:5005/object_info_1?name=Fera&age=27&weight=50,212,0,101
1639651047965,213,object_info_2,200,OK,Group_23 1-1,text,true,,380,157,10,10,http://162.55.220.72:5005/object_info_2?name=Fera&age=27&salary=500,213,0,101
1639651048045,204,get_method,200,OK,Group_23 1-10,text,true,,160,143,10,10,http://162.55.220.72:5005/get_method?name=Fera&age=27,204,0,97
1639651048047,204,user_info_3,200,OK,Group_23 1-6,text,true,,258,240,10,10,http://162.55.220.72:5005/user_info_3,204,0,95
1639651048048,204,object_info_1,200,OK,Group_23 1-4,text,true,,208,156,10,10,http://162.55.220.72:5005/object_info_1?name=Fera&age=27&weight=50,204,0,96
1639651048058,212,user_info_2,200,OK,Group_23 1-8,text,true,,380,239,10,10,http://162.55.220.72:5005/user_info_2,212,0,103
1639651048082,190,object_info_2,200,OK,Group_23 1-2,text,true,,380,157,10,10,http://162.55.220.72:5005/object_info_2?name=Fera&age=27&salary=500,190,0,91
1639651048149,203,user_info_2,200,OK,Group_23 1-9,text,true,,380,239,10,10,http://162.55.220.72:5005/user_info_2,203,0,98
1639651048169,206,object_info_1,200,OK,Group_23 1-5,text,true,,208,156,10,10,http://162.55.220.72:5005/object_info_1?name=Fera&age=27&weight=50,206,0,100
1639651048175,200,user_info_3,200,OK,Group_23 1-7,text,true,,258,240,10,10,http://162.55.220.72:5005/user_info_3,200,0,97
1639651048178,202,object_info_2,200,OK,Group_23 1-3,text,true,,380,157,10,10,http://162.55.220.72:5005/object_info_2?name=Fera&age=27&salary=500,202,0,97
1639651048178,206,object_info_3,200,OK,Group_23 1-1,text,true,,330,157,10,10,http://162.55.220.72:5005/object_info_3?name=Fera&age=27&salary=500,206,0,99
1639651048250,202,user_info_2,200,OK,Group_23 1-10,text,true,,380,239,10,10,http://162.55.220.72:5005/user_info_2,202,0,100
1639651048253,203,object_info_2,200,OK,Group_23 1-4,text,true,,380,157,10,10,http://162.55.220.72:5005/object_info_2?name=Fera&age=27&salary=500,203,0,97
1639651048251,208,object_info_1,200,OK,Group_23 1-6,text,true,,208,156,10,10,http://162.55.220.72:5005/object_info_1?name=Fera&age=27&weight=50,208,0,99
1639651048270,203,user_info_3,200,OK,Group_23 1-8,text,true,,258,240,10,10,http://162.55.220.72:5005/user_info_3,203,0,97
1639651048272,201,object_info_3,200,OK,Group_23 1-2,text,true,,330,157,10,10,http://162.55.220.72:5005/object_info_3?name=Fera&age=27&salary=500,201,0,97
1639651048352,200,user_info_3,200,OK,Group_23 1-9,text,true,,258,240,10,10,http://162.55.220.72:5005/user_info_3,200,0,98
1639651048380,188,object_info_3,200,OK,Group_23 1-3,text,true,,330,157,10,10,http://162.55.220.72:5005/object_info_3?name=Fera&age=27&salary=500,188,0,91
1639651048375,198,object_info_1,200,OK,Group_23 1-7,text,true,,208,156,10,10,http://162.55.220.72:5005/object_info_1?name=Fera&age=27&weight=50,198,0,96
1639651048375,207,object_info_2,200,OK,Group_23 1-5,text,true,,380,157,10,10,http://162.55.220.72:5005/object_info_2?name=Fera&age=27&salary=500,206,0,100
1639651048384,198,object_info_4,200,OK,Group_23 1-1,text,true,,200,157,10,10,http://162.55.220.72:5005/object_info_4?name=Fera&age=27&salary=500,198,0,97
1639651048452,202,user_info_3,200,OK,Group_23 1-10,text,true,,258,240,10,10,http://162.55.220.72:5005/user_info_3,201,0,97
1639651048456,209,object_info_3,200,OK,Group_23 1-4,text,true,,330,157,10,10,http://162.55.220.72:5005/object_info_3?name=Fera&age=27&salary=500,209,0,101
1639651048459,207,object_info_2,200,OK,Group_23 1-6,text,true,,380,157,10,10,http://162.55.220.72:5005/object_info_2?name=Fera&age=27&salary=500,207,0,100
1639651048473,199,object_info_1,200,OK,Group_23 1-8,text,true,,208,156,10,10,http://162.55.220.72:5005/object_info_1?name=Fera&age=27&weight=50,199,0,96
1639651048473,200,object_info_4,200,OK,Group_23 1-2,text,true,,200,157,10,10,http://162.55.220.72:5005/object_info_4?name=Fera&age=27&salary=500,199,0,96
1639651048552,197,object_info_1,200,OK,Group_23 1-9,text,true,,208,156,10,10,http://162.55.220.72:5005/object_info_1?name=Fera&age=27&weight=50,197,0,96
1639651048568,198,object_info_4,200,OK,Group_23 1-3,text,true,,200,157,10,10,http://162.55.220.72:5005/object_info_4?name=Fera&age=27&salary=500,198,0,97
1639651048582,197,object_info_3,200,OK,Group_23 1-5,text,true,,330,157,10,10,http://162.55.220.72:5005/object_info_3?name=Fera&age=27&salary=500,197,0,96
1639651048573,210,object_info_2,200,OK,Group_23 1-7,text,true,,380,157,10,10,http://162.55.220.72:5005/object_info_2?name=Fera&age=27&salary=500,210,0,102
1639651048582,207,get_method,200,OK,Group_23 1-1,text,true,,160,143,10,10,http://162.55.220.72:5005/get_method?name=Fera&age=27,206,0,101
1639651048654,203,object_info_1,200,OK,Group_23 1-10,text,true,,208,156,10,10,http://162.55.220.72:5005/object_info_1?name=Fera&age=27&weight=50,203,0,97
1639651048666,210,object_info_3,200,OK,Group_23 1-6,text,true,,330,157,10,10,http://162.55.220.72:5005/object_info_3?name=Fera&age=27&salary=500,210,0,98
1639651048665,213,object_info_4,200,OK,Group_23 1-4,text,true,,200,157,10,10,http://162.55.220.72:5005/object_info_4?name=Fera&age=27&salary=500,213,0,99
1639651048673,206,get_method,200,OK,Group_23 1-2,text,true,,160,143,10,10,http://162.55.220.72:5005/get_method?name=Fera&age=27,206,0,96
1639651048672,209,object_info_2,200,OK,Group_23 1-8,text,true,,380,157,10,10,http://162.55.220.72:5005/object_info_2?name=Fera&age=27&salary=500,208,0,100
1639651048749,214,object_info_2,200,OK,Group_23 1-9,text,true,,380,157,10,10,http://162.55.220.72:5005/object_info_2?name=Fera&age=27&salary=500,214,0,107
1639651048780,202,object_info_4,200,OK,Group_23 1-5,text,true,,200,157,10,10,http://162.55.220.72:5005/object_info_4?name=Fera&age=27&salary=500,202,0,98
1639651048767,219,get_method,200,OK,Group_23 1-3,text,true,,160,143,10,10,http://162.55.220.72:5005/get_method?name=Fera&age=27,218,0,108
1639651048783,204,object_info_3,200,OK,Group_23 1-7,text,true,,330,157,10,10,http://162.55.220.72:5005/object_info_3?name=Fera&age=27&salary=500,204,0,100
1639651048789,205,user_info_2,200,OK,Group_23 1-1,text,true,,380,239,10,10,http://162.55.220.72:5005/user_info_2,205,0,100
1639651048880,184,user_info_2,200,OK,Group_23 1-2,text,true,,380,239,10,10,http://162.55.220.72:5005/user_info_2,184,0,90
1639651048858,212,object_info_2,200,OK,Group_23 1-10,text,true,,380,157,10,10,http://162.55.220.72:5005/object_info_2?name=Fera&age=27&salary=500,212,0,103
1639651048877,198,object_info_4,200,OK,Group_23 1-6,text,true,,200,157,10,10,http://162.55.220.72:5005/object_info_4?name=Fera&age=27&salary=500,197,0,95
1639651048881,196,object_info_3,200,OK,Group_23 1-8,text,true,,330,157,10,10,http://162.55.220.72:5005/object_info_3?name=Fera&age=27&salary=500,195,0,95
1639651048879,204,get_method,200,OK,Group_23 1-4,text,true,,160,143,10,10,http://162.55.220.72:5005/get_method?name=Fera&age=27,204,0,100
1639651048963,209,object_info_3,200,OK,Group_23 1-9,text,true,,330,157,10,10,http://162.55.220.72:5005/object_info_3?name=Fera&age=27&salary=500,208,0,101
1639651048982,204,get_method,200,OK,Group_23 1-5,text,true,,160,143,10,10,http://162.55.220.72:5005/get_method?name=Fera&age=27,204,0,99
1639651048986,206,user_info_2,200,OK,Group_23 1-3,text,true,,380,239,10,10,http://162.55.220.72:5005/user_info_2,206,0,98
1639651048987,211,object_info_4,200,OK,Group_23 1-7,text,true,,200,157,10,10,http://162.55.220.72:5005/object_info_4?name=Fera&age=27&salary=500,211,0,105
1639651048994,208,user_info_3,200,OK,Group_23 1-1,text,true,,258,240,10,10,http://162.55.220.72:5005/user_info_3,208,0,104
1639651049065,196,user_info_3,200,OK,Group_23 1-2,text,true,,258,240,10,10,http://162.55.220.72:5005/user_info_3,196,0,94
1639651049077,206,object_info_4,200,OK,Group_23 1-8,text,true,,200,157,10,10,http://162.55.220.72:5005/object_info_4?name=Fera&age=27&salary=500,206,0,96
1639651049075,210,get_method,200,OK,Group_23 1-6,text,true,,160,143,10,10,http://162.55.220.72:5005/get_method?name=Fera&age=27,210,0,101
1639651049070,215,object_info_3,200,OK,Group_23 1-10,text,true,,330,157,10,10,http://162.55.220.72:5005/object_info_3?name=Fera&age=27&salary=500,215,0,103
1639651049083,206,user_info_2,200,OK,Group_23 1-4,text,true,,380,239,10,10,http://162.55.220.72:5005/user_info_2,206,0,99
1639651049186,200,user_info_2,200,OK,Group_23 1-5,text,true,,380,239,10,10,http://162.55.220.72:5005/user_info_2,200,0,95
1639651049172,220,object_info_4,200,OK,Group_23 1-9,text,true,,200,157,10,10,http://162.55.220.72:5005/object_info_4?name=Fera&age=27&salary=500,220,0,109
1639651049192,209,user_info_3,200,OK,Group_23 1-3,text,true,,258,240,10,10,http://162.55.220.72:5005/user_info_3,208,0,102
1639651049202,199,object_info_1,200,OK,Group_23 1-1,text,true,,208,156,10,10,http://162.55.220.72:5005/object_info_1?name=Fera&age=27&weight=50,199,0,97
1639651049198,209,get_method,200,OK,Group_23 1-7,text,true,,160,143,10,10,http://162.55.220.72:5005/get_method?name=Fera&age=27,209,0,100
1639651049261,202,object_info_1,200,OK,Group_23 1-2,text,true,,208,156,10,10,http://162.55.220.72:5005/object_info_1?name=Fera&age=27&weight=50,202,0,98
1639651049283,210,get_method,200,OK,Group_23 1-8,text,true,,160,143,10,10,http://162.55.220.72:5005/get_method?name=Fera&age=27,210,0,101
1639651049289,206,user_info_3,200,OK,Group_23 1-4,text,true,,258,240,10,10,http://162.55.220.72:5005/user_info_3,206,0,99
1639651049286,210,user_info_2,200,OK,Group_23 1-6,text,true,,380,239,10,10,http://162.55.220.72:5005/user_info_2,210,0,102
1639651049286,212,object_info_4,200,OK,Group_23 1-10,text,true,,200,157,10,10,http://162.55.220.72:5005/object_info_4?name=Fera&age=27&salary=500,212,0,103
1639651049401,200,object_info_1,200,OK,Group_23 1-3,text,true,,208,156,10,10,http://162.55.220.72:5005/object_info_1?name=Fera&age=27&weight=50,200,0,96
1639651049401,200,object_info_2,200,OK,Group_23 1-1,text,true,,380,157,10,10,http://162.55.220.72:5005/object_info_2?name=Fera&age=27&salary=500,200,0,96
1639651049392,211,get_method,200,OK,Group_23 1-9,text,true,,160,143,10,10,http://162.55.220.72:5005/get_method?name=Fera&age=27,211,0,101
1639651049386,217,user_info_3,200,OK,Group_23 1-5,text,true,,258,240,10,10,http://162.55.220.72:5005/user_info_3,217,0,105
1639651049407,210,user_info_2,200,OK,Group_23 1-7,text,true,,380,239,10,10,http://162.55.220.72:5005/user_info_2,210,0,101
1639651049463,200,object_info_2,200,OK,Group_23 1-2,text,true,,380,157,10,10,http://162.55.220.72:5005/object_info_2?name=Fera&age=27&salary=500,200,0,98
1639651049493,220,user_info_2,200,OK,Group_23 1-8,text,true,,380,239,10,10,http://162.55.220.72:5005/user_info_2,220,0,100
1639651049498,215,get_method,200,OK,Group_23 1-10,text,true,,160,143,10,10,http://162.55.220.72:5005/get_method?name=Fera&age=27,215,0,97
1639651049496,219,user_info_3,200,OK,Group_23 1-6,text,true,,258,240,10,10,http://162.55.220.72:5005/user_info_3,219,0,98
1639651049495,228,object_info_1,200,OK,Group_23 1-4,text,true,,208,156,10,10,http://162.55.220.72:5005/object_info_1?name=Fera&age=27&weight=50,227,0,100
1639651049603,207,user_info_2,200,OK,Group_23 1-9,text,true,,380,239,10,10,http://162.55.220.72:5005/user_info_2,207,0,95
1639651049601,210,object_info_3,200,OK,Group_23 1-1,text,true,,330,157,10,10,http://162.55.220.72:5005/object_info_3?name=Fera&age=27&salary=500,210,0,97
1639651049601,211,object_info_2,200,OK,Group_23 1-3,text,true,,380,157,10,10,http://162.55.220.72:5005/object_info_2?name=Fera&age=27&salary=500,210,0,97
1639651049603,213,object_info_1,200,OK,Group_23 1-5,text,true,,208,156,10,10,http://162.55.220.72:5005/object_info_1?name=Fera&age=27&weight=50,213,0,102
1639651049617,201,user_info_3,200,OK,Group_23 1-7,text,true,,258,240,10,10,http://162.55.220.72:5005/user_info_3,201,0,102
1639651049663,187,object_info_3,200,OK,Group_23 1-2,text,true,,330,157,10,10,http://162.55.220.72:5005/object_info_3?name=Fera&age=27&salary=500,187,0,93
1639651049713,196,user_info_2,200,OK,Group_23 1-10,text,true,,380,239,10,10,http://162.55.220.72:5005/user_info_2,196,0,96
1639651049713,201,user_info_3,200,OK,Group_23 1-8,text,true,,258,240,10,10,http://162.55.220.72:5005/user_info_3,201,0,97
1639651049715,199,object_info_1,200,OK,Group_23 1-6,text,true,,208,156,10,10,http://162.55.220.72:5005/object_info_1?name=Fera&age=27&weight=50,199,0,97
1639651049723,211,object_info_2,200,OK,Group_23 1-4,text,true,,380,157,10,10,http://162.55.220.72:5005/object_info_2?name=Fera&age=27&salary=500,211,0,99
1639651049810,203,user_info_3,200,OK,Group_23 1-9,text,true,,258,240,10,10,http://162.55.220.72:5005/user_info_3,203,0,97
1639651049812,201,object_info_3,200,OK,Group_23 1-3,text,true,,330,157,10,10,http://162.55.220.72:5005/object_info_3?name=Fera&age=27&salary=500,201,0,96
1639651049816,201,object_info_2,200,OK,Group_23 1-5,text,true,,380,157,10,10,http://162.55.220.72:5005/object_info_2?name=Fera&age=27&salary=500,201,0,96
1639651049811,207,object_info_4,200,OK,Group_23 1-1,text,true,,200,157,10,10,http://162.55.220.72:5005/object_info_4?name=Fera&age=27&salary=500,207,0,100
1639651049818,203,object_info_1,200,OK,Group_23 1-7,text,true,,208,156,10,10,http://162.55.220.72:5005/object_info_1?name=Fera&age=27&weight=50,203,0,99
1639651049850,204,object_info_4,200,OK,Group_23 1-2,text,true,,200,157,10,10,http://162.55.220.72:5005/object_info_4?name=Fera&age=27&salary=500,204,0,101
1639651049909,196,user_info_3,200,OK,Group_23 1-10,text,true,,258,240,10,10,http://162.55.220.72:5005/user_info_3,196,0,96
1639651049914,201,object_info_2,200,OK,Group_23 1-6,text,true,,380,157,10,10,http://162.55.220.72:5005/object_info_2?name=Fera&age=27&salary=500,201,0,96
1639651049914,206,object_info_1,200,OK,Group_23 1-8,text,true,,208,156,10,10,http://162.55.220.72:5005/object_info_1?name=Fera&age=27&weight=50,206,0,101
1639651049935,197,object_info_3,200,OK,Group_23 1-4,text,true,,330,157,10,10,http://162.55.220.72:5005/object_info_3?name=Fera&age=27&salary=500,197,0,96
1639651050013,199,object_info_4,200,OK,Group_23 1-3,text,true,,200,157,10,10,http://162.55.220.72:5005/object_info_4?name=Fera&age=27&salary=500,198,0,96
1639651050017,202,object_info_3,200,OK,Group_23 1-5,text,true,,330,157,10,10,http://162.55.220.72:5005/object_info_3?name=Fera&age=27&salary=500,202,0,97
1639651050013,206,object_info_1,200,OK,Group_23 1-9,text,true,,208,156,10,10,http://162.55.220.72:5005/object_info_1?name=Fera&age=27&weight=50,206,0,101
1639651050021,202,object_info_2,200,OK,Group_23 1-7,text,true,,380,157,10,10,http://162.55.220.72:5005/object_info_2?name=Fera&age=27&salary=500,202,0,97
1639651050018,212,get_method,200,OK,Group_23 1-1,text,true,,160,143,10,10,http://162.55.220.72:5005/get_method?name=Fera&age=27,212,0,101
1639651050054,213,get_method,200,OK,Group_23 1-2,text,true,,160,143,10,10,http://162.55.220.72:5005/get_method?name=Fera&age=27,213,0,101
1639651050105,206,object_info_1,200,OK,Group_23 1-10,text,true,,208,156,10,10,http://162.55.220.72:5005/object_info_1?name=Fera&age=27&weight=50,206,0,100
1639651050115,201,object_info_3,200,OK,Group_23 1-6,text,true,,330,157,10,10,http://162.55.220.72:5005/object_info_3?name=Fera&age=27&salary=500,201,0,99
1639651050121,203,object_info_2,200,OK,Group_23 1-8,text,true,,380,157,10,10,http://162.55.220.72:5005/object_info_2?name=Fera&age=27&salary=500,203,0,99
1639651050132,208,object_info_4,200,OK,Group_23 1-4,text,true,,200,157,10,10,http://162.55.220.72:5005/object_info_4?name=Fera&age=27&salary=500,208,0,102
1639651050212,204,get_method,200,OK,Group_23 1-3,text,true,,160,143,10,10,http://162.55.220.72:5005/get_method?name=Fera&age=27,204,0,99
1639651050223,206,object_info_3,200,OK,Group_23 1-7,text,true,,330,157,10,10,http://162.55.220.72:5005/object_info_3?name=Fera&age=27&salary=500,206,0,96
1639651050230,200,user_info_2,200,OK,Group_23 1-1,text,true,,380,239,10,10,http://162.55.220.72:5005/user_info_2,200,0,95
1639651050219,211,object_info_2,200,OK,Group_23 1-9,text,true,,380,157,10,10,http://162.55.220.72:5005/object_info_2?name=Fera&age=27&salary=500,211,0,101
1639651050219,212,object_info_4,200,OK,Group_23 1-5,text,true,,200,157,10,10,http://162.55.220.72:5005/object_info_4?name=Fera&age=27&salary=500,211,0,100
1639651050268,200,user_info_2,200,OK,Group_23 1-2,text,true,,380,239,10,10,http://162.55.220.72:5005/user_info_2,200,0,98
1639651050311,199,object_info_2,200,OK,Group_23 1-10,text,true,,380,157,10,10,http://162.55.220.72:5005/object_info_2?name=Fera&age=27&salary=500,199,0,96
1639651050316,208,object_info_4,200,OK,Group_23 1-6,text,true,,200,157,10,10,http://162.55.220.72:5005/object_info_4?name=Fera&age=27&salary=500,208,0,102
1639651050325,204,object_info_3,200,OK,Group_23 1-8,text,true,,330,157,10,10,http://162.55.220.72:5005/object_info_3?name=Fera&age=27&salary=500,204,0,100
1639651050340,203,get_method,200,OK,Group_23 1-4,text,true,,160,143,10,10,http://162.55.220.72:5005/get_method?name=Fera&age=27,203,0,99
1639651050416,204,user_info_2,200,OK,Group_23 1-3,text,true,,380,239,10,10,http://162.55.220.72:5005/user_info_2,204,0,100
1639651050431,191,get_method,200,OK,Group_23 1-5,text,true,,160,143,10,10,http://162.55.220.72:5005/get_method?name=Fera&age=27,191,0,91
1639651050429,196,object_info_4,200,OK,Group_23 1-7,text,true,,200,157,10,10,http://162.55.220.72:5005/object_info_4?name=Fera&age=27&salary=500,196,0,96
1639651050430,200,user_info_3,200,OK,Group_23 1-1,text,true,,258,240,10,10,http://162.55.220.72:5005/user_info_3,200,0,97
1639651050431,206,object_info_3,200,OK,Group_23 1-9,text,true,,330,157,10,10,http://162.55.220.72:5005/object_info_3?name=Fera&age=27&salary=500,206,0,100
1639651050469,197,user_info_3,200,OK,Group_23 1-2,text,true,,258,240,10,10,http://162.55.220.72:5005/user_info_3,197,0,95
1639651050524,205,get_method,200,OK,Group_23 1-6,text,true,,160,143,10,10,http://162.55.220.72:5005/get_method?name=Fera&age=27,205,0,97
1639651050510,220,object_info_3,200,OK,Group_23 1-10,text,true,,330,157,10,10,http://162.55.220.72:5005/object_info_3?name=Fera&age=27&salary=500,220,0,101
1639651050529,202,object_info_4,200,OK,Group_23 1-8,text,true,,200,157,10,10,http://162.55.220.72:5005/object_info_4?name=Fera&age=27&salary=500,202,0,95
1639651050543,204,user_info_2,200,OK,Group_23 1-4,text,true,,380,239,10,10,http://162.55.220.72:5005/user_info_2,204,0,98
1639651050620,201,user_info_3,200,OK,Group_23 1-3,text,true,,258,240,10,10,http://162.55.220.72:5005/user_info_3,200,0,102
1639651050626,196,get_method,200,OK,Group_23 1-7,text,true,,160,143,10,10,http://162.55.220.72:5005/get_method?name=Fera&age=27,196,0,97
1639651050630,198,object_info_1,200,OK,Group_23 1-1,text,true,,208,156,10,10,http://162.55.220.72:5005/object_info_1?name=Fera&age=27&weight=50,198,0,97
1639651050622,208,user_info_2,200,OK,Group_23 1-5,text,true,,380,239,10,10,http://162.55.220.72:5005/user_info_2,208,0,102
1639651050637,199,object_info_4,200,OK,Group_23 1-9,text,true,,200,157,10,10,http://162.55.220.72:5005/object_info_4?name=Fera&age=27&salary=500,199,0,99
1639651050666,195,object_info_1,200,OK,Group_23 1-2,text,true,,208,156,10,10,http://162.55.220.72:5005/object_info_1?name=Fera&age=27&weight=50,195,0,94
1639651050730,198,object_info_4,200,OK,Group_23 1-10,text,true,,200,157,10,10,http://162.55.220.72:5005/object_info_4?name=Fera&age=27&salary=500,198,0,96
1639651050731,207,get_method,200,OK,Group_23 1-8,text,true,,160,143,10,10,http://162.55.220.72:5005/get_method?name=Fera&age=27,207,0,100
1639651050729,209,user_info_2,200,OK,Group_23 1-6,text,true,,380,239,10,10,http://162.55.220.72:5005/user_info_2,209,0,102
1639651050747,203,user_info_3,200,OK,Group_23 1-4,text,true,,258,240,10,10,http://162.55.220.72:5005/user_info_3,203,0,99
1639651050822,207,user_info_2,200,OK,Group_23 1-7,text,true,,380,239,10,10,http://162.55.220.72:5005/user_info_2,207,0,99
1639651050821,209,object_info_1,200,OK,Group_23 1-3,text,true,,208,156,10,10,http://162.55.220.72:5005/object_info_1?name=Fera&age=27&weight=50,209,0,100
1639651050828,204,object_info_2,200,OK,Group_23 1-1,text,true,,380,157,10,10,http://162.55.220.72:5005/object_info_2?name=Fera&age=27&salary=500,204,0,100
1639651050836,198,get_method,200,OK,Group_23 1-9,text,true,,160,143,10,10,http://162.55.220.72:5005/get_method?name=Fera&age=27,198,0,96
1639651050830,207,user_info_3,200,OK,Group_23 1-5,text,true,,258,240,10,10,http://162.55.220.72:5005/user_info_3,207,0,101
1639651050861,205,object_info_2,200,OK,Group_23 1-2,text,true,,380,157,10,10,http://162.55.220.72:5005/object_info_2?name=Fera&age=27&salary=500,205,0,100
1639651050928,203,get_method,200,OK,Group_23 1-10,text,true,,160,143,10,10,http://162.55.220.72:5005/get_method?name=Fera&age=27,203,0,99
1639651050938,201,user_info_2,200,OK,Group_23 1-8,text,true,,380,239,10,10,http://162.55.220.72:5005/user_info_2,201,0,96
1639651050938,205,user_info_3,200,OK,Group_23 1-6,text,true,,258,240,10,10,http://162.55.220.72:5005/user_info_3,205,0,100
1639651050950,195,object_info_1,200,OK,Group_23 1-4,text,true,,208,156,10,10,http://162.55.220.72:5005/object_info_1?name=Fera&age=27&weight=50,195,0,95
1639651051030,192,object_info_2,200,OK,Group_23 1-3,text,true,,380,157,10,10,http://162.55.220.72:5005/object_info_2?name=Fera&age=27&salary=500,192,0,95
1639651051030,197,user_info_3,200,OK,Group_23 1-7,text,true,,258,240,10,10,http://162.55.220.72:5005/user_info_3,197,0,95
1639651051032,208,object_info_3,200,OK,Group_23 1-1,text,true,,330,157,10,10,http://162.55.220.72:5005/object_info_3?name=Fera&age=27&salary=500,208,0,101
1639651051034,206,user_info_2,200,OK,Group_23 1-9,text,true,,380,239,10,10,http://162.55.220.72:5005/user_info_2,206,0,101
1639651051037,205,object_info_1,200,OK,Group_23 1-5,text,true,,208,156,10,10,http://162.55.220.72:5005/object_info_1?name=Fera&age=27&weight=50,205,0,99
1639651051066,193,object_info_3,200,OK,Group_23 1-2,text,true,,330,157,10,10,http://162.55.220.72:5005/object_info_3?name=Fera&age=27&salary=500,193,0,95
1639651051144,191,object_info_1,200,OK,Group_23 1-6,text,true,,208,156,10,10,http://162.55.220.72:5005/object_info_1?name=Fera&age=27&weight=50,191,0,91
1639651051140,199,user_info_3,200,OK,Group_23 1-8,text,true,,258,240,10,10,http://162.55.220.72:5005/user_info_3,199,0,95
1639651051145,196,object_info_2,200,OK,Group_23 1-4,text,true,,380,157,10,10,http://162.55.220.72:5005/object_info_2?name=Fera&age=27&salary=500,196,0,96
1639651051131,211,user_info_2,200,OK,Group_23 1-10,text,true,,380,239,10,10,http://162.55.220.72:5005/user_info_2,211,0,100
1639651051222,203,object_info_3,200,OK,Group_23 1-3,text,true,,330,157,10,10,http://162.55.220.72:5005/object_info_3?name=Fera&age=27&salary=500,203,0,99
1639651051242,188,object_info_2,200,OK,Group_23 1-5,text,true,,380,157,10,10,http://162.55.220.72:5005/object_info_2?name=Fera&age=27&salary=500,188,0,92
1639651051228,204,object_info_1,200,OK,Group_23 1-7,text,true,,208,156,10,10,http://162.55.220.72:5005/object_info_1?name=Fera&age=27&weight=50,204,0,99
1639651051240,198,user_info_3,200,OK,Group_23 1-9,text,true,,258,240,10,10,http://162.55.220.72:5005/user_info_3,198,0,97
1639651051240,200,object_info_4,200,OK,Group_23 1-1,text,true,,200,157,10,10,http://162.55.220.72:5005/object_info_4?name=Fera&age=27&salary=500,200,0,98
1639651051260,197,object_info_4,200,OK,Group_23 1-2,text,true,,200,157,10,10,http://162.55.220.72:5005/object_info_4?name=Fera&age=27&salary=500,197,0,96
1639651051342,191,user_info_3,200,OK,Group_23 1-10,text,true,,258,240,10,10,http://162.55.220.72:5005/user_info_3,190,0,92
1639651051335,199,object_info_2,200,OK,Group_23 1-6,text,true,,380,157,10,10,http://162.55.220.72:5005/object_info_2?name=Fera&age=27&salary=500,199,0,95
1639651051340,198,object_info_1,200,OK,Group_23 1-8,text,true,,208,156,10,10,http://162.55.220.72:5005/object_info_1?name=Fera&age=27&weight=50,198,0,95
1639651051341,197,object_info_3,200,OK,Group_23 1-4,text,true,,330,157,10,10,http://162.55.220.72:5005/object_info_3?name=Fera&age=27&salary=500,197,0,97
1639651051425,203,object_info_4,200,OK,Group_23 1-3,text,true,,200,157,10,10,http://162.55.220.72:5005/object_info_4?name=Fera&age=27&salary=500,203,0,102
1639651051432,198,object_info_2,200,OK,Group_23 1-7,text,true,,380,157,10,10,http://162.55.220.72:5005/object_info_2?name=Fera&age=27&salary=500,198,0,97
1639651051441,206,get_method,200,OK,Group_23 1-1,text,true,,160,143,10,10,http://162.55.220.72:5005/get_method?name=Fera&age=27,206,0,98
1639651051438,209,object_info_1,200,OK,Group_23 1-9,text,true,,208,156,10,10,http://162.55.220.72:5005/object_info_1?name=Fera&age=27&weight=50,209,0,99
1639651051431,216,object_info_3,200,OK,Group_23 1-5,text,true,,330,157,10,10,http://162.55.220.72:5005/object_info_3?name=Fera&age=27&salary=500,216,0,96
1639651051457,196,get_method,200,OK,Group_23 1-2,text,true,,160,143,10,10,http://162.55.220.72:5005/get_method?name=Fera&age=27,196,0,96
1639651051533,191,object_info_1,200,OK,Group_23 1-10,text,true,,208,156,10,10,http://162.55.220.72:5005/object_info_1?name=Fera&age=27&weight=50,191,0,92
1639651051534,192,object_info_3,200,OK,Group_23 1-6,text,true,,330,157,10,10,http://162.55.220.72:5005/object_info_3?name=Fera&age=27&salary=500,191,0,92
1639651051538,192,object_info_4,200,OK,Group_23 1-4,text,true,,200,157,10,10,http://162.55.220.72:5005/object_info_4?name=Fera&age=27&salary=500,192,0,95
1639651051538,210,object_info_2,200,OK,Group_23 1-8,text,true,,380,157,10,10,http://162.55.220.72:5005/object_info_2?name=Fera&age=27&salary=500,210,0,107
1639651051630,189,object_info_3,200,OK,Group_23 1-7,text,true,,330,157,10,10,http://162.55.220.72:5005/object_info_3?name=Fera&age=27&salary=500,189,0,92
1639651051628,207,get_method,200,OK,Group_23 1-3,text,true,,160,143,10,10,http://162.55.220.72:5005/get_method?name=Fera&age=27,207,0,101
1639651051647,197,user_info_2,200,OK,Group_23 1-1,text,true,,380,239,10,10,http://162.55.220.72:5005/user_info_2,197,0,96
1639651051647,204,object_info_2,200,OK,Group_23 1-9,text,true,,380,157,10,10,http://162.55.220.72:5005/object_info_2?name=Fera&age=27&salary=500,204,0,99
1639651051647,205,object_info_4,200,OK,Group_23 1-5,text,true,,200,157,10,10,http://162.55.220.72:5005/object_info_4?name=Fera&age=27&salary=500,204,0,100
1639651051653,206,user_info_2,200,OK,Group_23 1-2,text,true,,380,239,10,10,http://162.55.220.72:5005/user_info_2,205,0,101
1639651051724,188,object_info_2,200,OK,Group_23 1-10,text,true,,380,157,10,10,http://162.55.220.72:5005/object_info_2?name=Fera&age=27&salary=500,188,0,92
1639651051726,194,object_info_4,200,OK,Group_23 1-6,text,true,,200,157,10,10,http://162.55.220.72:5005/object_info_4?name=Fera&age=27&salary=500,194,0,95
1639651051730,207,get_method,200,OK,Group_23 1-4,text,true,,160,143,10,10,http://162.55.220.72:5005/get_method?name=Fera&age=27,207,0,100
1639651051748,209,object_info_3,200,OK,Group_23 1-8,text,true,,330,157,10,10,http://162.55.220.72:5005/object_info_3?name=Fera&age=27&salary=500,209,0,100
1639651051819,202,object_info_4,200,OK,Group_23 1-7,text,true,,200,157,10,10,http://162.55.220.72:5005/object_info_4?name=Fera&age=27&salary=500,202,0,95
1639651051852,190,get_method,200,OK,Group_23 1-5,text,true,,160,143,10,10,http://162.55.220.72:5005/get_method?name=Fera&age=27,190,0,91
1639651051835,214,user_info_2,200,OK,Group_23 1-3,text,true,,380,239,10,10,http://162.55.220.72:5005/user_info_2,214,0,101
1639651051851,198,object_info_3,200,OK,Group_23 1-9,text,true,,330,157,10,10,http://162.55.220.72:5005/object_info_3?name=Fera&age=27&salary=500,198,0,96
1639651051844,209,user_info_3,200,OK,Group_23 1-1,text,true,,258,240,10,10,http://162.55.220.72:5005/user_info_3,209,0,101
1639651051859,201,user_info_3,200,OK,Group_23 1-2,text,true,,258,240,10,10,http://162.55.220.72:5005/user_info_3,201,0,97
1639651051912,212,object_info_3,200,OK,Group_23 1-10,text,true,,330,157,10,10,http://162.55.220.72:5005/object_info_3?name=Fera&age=27&salary=500,212,0,100
1639651051920,205,get_method,200,OK,Group_23 1-6,text,true,,160,143,10,10,http://162.55.220.72:5005/get_method?name=Fera&age=27,205,0,99
1639651051937,209,user_info_2,200,OK,Group_23 1-4,text,true,,380,239,10,10,http://162.55.220.72:5005/user_info_2,208,0,101
1639651051957,204,object_info_4,200,OK,Group_23 1-8,text,true,,200,157,10,10,http://162.55.220.72:5005/object_info_4?name=Fera&age=27&salary=500,204,0,99
1639651052021,208,get_method,200,OK,Group_23 1-7,text,true,,160,143,10,10,http://162.55.220.72:5005/get_method?name=Fera&age=27,208,0,102
1639651052049,197,user_info_3,200,OK,Group_23 1-3,text,true,,258,240,10,10,http://162.55.220.72:5005/user_info_3,197,0,96
1639651052060,191,object_info_1,200,OK,Group_23 1-2,text,true,,208,156,10,10,http://162.55.220.72:5005/object_info_1?name=Fera&age=27&weight=50,191,0,91
1639651052053,198,object_info_1,200,OK,Group_23 1-1,text,true,,208,156,10,10,http://162.55.220.72:5005/object_info_1?name=Fera&age=27&weight=50,198,0,97
1639651052042,211,user_info_2,200,OK,Group_23 1-5,text,true,,380,239,10,10,http://162.55.220.72:5005/user_info_2,211,0,103
1639651052049,206,object_info_4,200,OK,Group_23 1-9,text,true,,200,157,10,10,http://162.55.220.72:5005/object_info_4?name=Fera&age=27&salary=500,206,0,102
1639651052125,208,user_info_2,200,OK,Group_23 1-6,text,true,,380,239,10,10,http://162.55.220.72:5005/user_info_2,208,0,96
1639651052124,209,object_info_4,200,OK,Group_23 1-10,text,true,,200,157,10,10,http://162.55.220.72:5005/object_info_4?name=Fera&age=27&salary=500,209,0,102
1639651052161,189,get_method,200,OK,Group_23 1-8,text,true,,160,143,10,10,http://162.55.220.72:5005/get_method?name=Fera&age=27,189,0,92
1639651052146,208,user_info_3,200,OK,Group_23 1-4,text,true,,258,240,10,10,http://162.55.220.72:5005/user_info_3,208,0,99
1639651052229,205,user_info_2,200,OK,Group_23 1-7,text,true,,380,239,10,10,http://162.55.220.72:5005/user_info_2,205,0,102
1639651052246,193,object_info_1,200,OK,Group_23 1-3,text,true,,208,156,10,10,http://162.55.220.72:5005/object_info_1?name=Fera&age=27&weight=50,193,0,92
1639651052251,201,object_info_2,200,OK,Group_23 1-1,text,true,,380,157,10,10,http://162.55.220.72:5005/object_info_2?name=Fera&age=27&salary=500,200,0,97
1639651052253,214,user_info_3,200,OK,Group_23 1-5,text,true,,258,240,10,10,http://162.55.220.72:5005/user_info_3,214,0,98
1639651052251,219,object_info_2,200,OK,Group_23 1-2,text,true,,380,157,10,10,http://162.55.220.72:5005/object_info_2?name=Fera&age=27&salary=500,219,0,101
1639651052255,215,get_method,200,OK,Group_23 1-9,text,true,,160,143,10,10,http://162.55.220.72:5005/get_method?name=Fera&age=27,215,0,101
1639651052333,206,get_method,200,OK,Group_23 1-10,text,true,,160,143,10,10,http://162.55.220.72:5005/get_method?name=Fera&age=27,205,0,99
1639651052333,212,user_info_3,200,OK,Group_23 1-6,text,true,,258,240,10,10,http://162.55.220.72:5005/user_info_3,212,0,105
1639651052350,203,user_info_2,200,OK,Group_23 1-8,text,true,,380,239,10,10,http://162.55.220.72:5005/user_info_2,203,0,97
1639651052354,208,object_info_1,200,OK,Group_23 1-4,text,true,,208,156,10,10,http://162.55.220.72:5005/object_info_1?name=Fera&age=27&weight=50,208,0,101
1639651052434,190,user_info_3,200,OK,Group_23 1-7,text,true,,258,240,10,10,http://162.55.220.72:5005/user_info_3,190,0,92
1639651052439,189,object_info_2,200,OK,Group_23 1-3,text,true,,380,157,10,10,http://162.55.220.72:5005/object_info_2?name=Fera&age=27&salary=500,189,0,94
1639651052452,200,object_info_3,200,OK,Group_23 1-1,text,true,,330,157,10,10,http://162.55.220.72:5005/object_info_3?name=Fera&age=27&salary=500,200,0,100
1639651052467,189,object_info_1,200,OK,Group_23 1-5,text,true,,208,156,10,10,http://162.55.220.72:5005/object_info_1?name=Fera&age=27&weight=50,189,0,93
1639651052470,199,object_info_3,200,OK,Group_23 1-2,text,true,,330,157,10,10,http://162.55.220.72:5005/object_info_3?name=Fera&age=27&salary=500,199,0,97
1639651052470,200,user_info_2,200,OK,Group_23 1-9,text,true,,380,239,10,10,http://162.55.220.72:5005/user_info_2,200,0,97
1639651052539,209,user_info_2,200,OK,Group_23 1-10,text,true,,380,239,10,10,http://162.55.220.72:5005/user_info_2,209,0,101
1639651052553,195,user_info_3,200,OK,Group_23 1-8,text,true,,258,240,10,10,http://162.55.220.72:5005/user_info_3,195,0,96
1639651052546,206,object_info_1,200,OK,Group_23 1-6,text,true,,208,156,10,10,http://162.55.220.72:5005/object_info_1?name=Fera&age=27&weight=50,206,0,100
1639651052562,196,object_info_2,200,OK,Group_23 1-4,text,true,,380,157,10,10,http://162.55.220.72:5005/object_info_2?name=Fera&age=27&salary=500,196,0,95
1639651052628,201,object_info_3,200,OK,Group_23 1-3,text,true,,330,157,10,10,http://162.55.220.72:5005/object_info_3?name=Fera&age=27&salary=500,201,0,96
1639651052624,206,object_info_1,200,OK,Group_23 1-7,text,true,,208,156,10,10,http://162.55.220.72:5005/object_info_1?name=Fera&age=27&weight=50,206,0,100
1639651052652,195,object_info_4,200,OK,Group_23 1-1,text,true,,200,157,10,10,http://162.55.220.72:5005/object_info_4?name=Fera&age=27&salary=500,195,0,95
1639651052656,197,object_info_2,200,OK,Group_23 1-5,text,true,,380,157,10,10,http://162.55.220.72:5005/object_info_2?name=Fera&age=27&salary=500,197,0,97
1639651052669,198,object_info_4,200,OK,Group_23 1-2,text,true,,200,157,10,10,http://162.55.220.72:5005/object_info_4?name=Fera&age=27&salary=500,198,0,96
1639651052670,207,user_info_3,200,OK,Group_23 1-9,text,true,,258,240,10,10,http://162.55.220.72:5005/user_info_3,207,0,101
1639651052748,204,object_info_1,200,OK,Group_23 1-8,text,true,,208,156,10,10,http://162.55.220.72:5005/object_info_1?name=Fera&age=27&weight=50,204,0,97
1639651052748,204,user_info_3,200,OK,Group_23 1-10,text,true,,258,240,10,10,http://162.55.220.72:5005/user_info_3,204,0,96
1639651052752,209,object_info_2,200,OK,Group_23 1-6,text,true,,380,157,10,10,http://162.55.220.72:5005/object_info_2?name=Fera&age=27&salary=500,209,0,96
1639651052758,208,object_info_3,200,OK,Group_23 1-4,text,true,,330,157,10,10,http://162.55.220.72:5005/object_info_3?name=Fera&age=27&salary=500,207,0,102
1639651052830,196,object_info_4,200,OK,Group_23 1-3,text,true,,200,157,10,10,http://162.55.220.72:5005/object_info_4?name=Fera&age=27&salary=500,196,0,95
1639651052830,197,object_info_2,200,OK,Group_23 1-7,text,true,,380,157,10,10,http://162.55.220.72:5005/object_info_2?name=Fera&age=27&salary=500,196,0,95
1639651052847,201,get_method,200,OK,Group_23 1-1,text,true,,160,143,10,10,http://162.55.220.72:5005/get_method?name=Fera&age=27,200,0,95
1639651052867,199,get_method,200,OK,Group_23 1-2,text,true,,160,143,10,10,http://162.55.220.72:5005/get_method?name=Fera&age=27,199,0,98
1639651052853,214,object_info_3,200,OK,Group_23 1-5,text,true,,330,157,10,10,http://162.55.220.72:5005/object_info_3?name=Fera&age=27&salary=500,214,0,107
1639651052877,200,object_info_1,200,OK,Group_23 1-9,text,true,,208,156,10,10,http://162.55.220.72:5005/object_info_1?name=Fera&age=27&weight=50,200,0,99
1639651052952,190,object_info_2,200,OK,Group_23 1-8,text,true,,380,157,10,10,http://162.55.220.72:5005/object_info_2?name=Fera&age=27&salary=500,190,0,94
1639651052952,208,object_info_1,200,OK,Group_23 1-10,text,true,,208,156,10,10,http://162.55.220.72:5005/object_info_1?name=Fera&age=27&weight=50,208,0,101
1639651052966,194,object_info_4,200,OK,Group_23 1-4,text,true,,200,157,10,10,http://162.55.220.72:5005/object_info_4?name=Fera&age=27&salary=500,194,0,94
1639651052961,207,object_info_3,200,OK,Group_23 1-6,text,true,,330,157,10,10,http://162.55.220.72:5005/object_info_3?name=Fera&age=27&salary=500,207,0,101
1639651053027,199,get_method,200,OK,Group_23 1-3,text,true,,160,143,10,10,http://162.55.220.72:5005/get_method?name=Fera&age=27,199,0,99
1639651053027,204,object_info_3,200,OK,Group_23 1-7,text,true,,330,157,10,10,http://162.55.220.72:5005/object_info_3?name=Fera&age=27&salary=500,204,0,99
1639651053048,212,user_info_2,200,OK,Group_23 1-1,text,true,,380,239,10,10,http://162.55.220.72:5005/user_info_2,212,0,101
1639651053066,197,user_info_2,200,OK,Group_23 1-2,text,true,,380,239,10,10,http://162.55.220.72:5005/user_info_2,197,0,95
1639651053067,197,object_info_4,200,OK,Group_23 1-5,text,true,,200,157,10,10,http://162.55.220.72:5005/object_info_4?name=Fera&age=27&salary=500,196,0,96
1639651053077,204,object_info_2,200,OK,Group_23 1-9,text,true,,380,157,10,10,http://162.55.220.72:5005/object_info_2?name=Fera&age=27&salary=500,204,0,100
1639651053142,222,object_info_3,200,OK,Group_23 1-8,text,true,,330,157,10,10,http://162.55.220.72:5005/object_info_3?name=Fera&age=27&salary=500,222,0,101
1639651053160,204,get_method,200,OK,Group_23 1-4,text,true,,160,143,10,10,http://162.55.220.72:5005/get_method?name=Fera&age=27,204,0,99
1639651053160,205,object_info_2,200,OK,Group_23 1-10,text,true,,380,157,10,10,http://162.55.220.72:5005/object_info_2?name=Fera&age=27&salary=500,205,0,99
1639651053168,200,object_info_4,200,OK,Group_23 1-6,text,true,,200,157,10,10,http://162.55.220.72:5005/object_info_4?name=Fera&age=27&salary=500,200,0,97
1639651053231,200,object_info_4,200,OK,Group_23 1-7,text,true,,200,157,10,10,http://162.55.220.72:5005/object_info_4?name=Fera&age=27&salary=500,200,0,96
1639651053226,210,user_info_2,200,OK,Group_23 1-3,text,true,,380,239,10,10,http://162.55.220.72:5005/user_info_2,210,0,101
1639651053263,207,user_info_3,200,OK,Group_23 1-2,text,true,,258,240,10,10,http://162.55.220.72:5005/user_info_3,207,0,99
1639651053264,206,get_method,200,OK,Group_23 1-5,text,true,,160,143,10,10,http://162.55.220.72:5005/get_method?name=Fera&age=27,206,0,99
1639651053260,214,user_info_3,200,OK,Group_23 1-1,text,true,,258,240,10,10,http://162.55.220.72:5005/user_info_3,214,0,103
1639651053281,196,object_info_3,200,OK,Group_23 1-9,text,true,,330,157,10,10,http://162.55.220.72:5005/object_info_3?name=Fera&age=27&salary=500,196,0,96
1639651053365,193,user_info_2,200,OK,Group_23 1-4,text,true,,380,239,10,10,http://162.55.220.72:5005/user_info_2,193,0,93
1639651053364,205,object_info_4,200,OK,Group_23 1-8,text,true,,200,157,10,10,http://162.55.220.72:5005/object_info_4?name=Fera&age=27&salary=500,205,0,98
1639651053368,210,get_method,200,OK,Group_23 1-6,text,true,,160,143,10,10,http://162.55.220.72:5005/get_method?name=Fera&age=27,210,0,104
1639651053366,215,object_info_3,200,OK,Group_23 1-10,text,true,,330,157,10,10,http://162.55.220.72:5005/object_info_3?name=Fera&age=27&salary=500,215,0,101
1639651053436,207,user_info_3,200,OK,Group_23 1-3,text,true,,258,240,10,10,http://162.55.220.72:5005/user_info_3,207,0,101
1639651053432,216,get_method,200,OK,Group_23 1-7,text,true,,160,143,10,10,http://162.55.220.72:5005/get_method?name=Fera&age=27,216,0,102
1639651053470,198,user_info_2,200,OK,Group_23 1-5,text,true,,380,239,10,10,http://162.55.220.72:5005/user_info_2,198,0,97
1639651053474,195,object_info_1,200,OK,Group_23 1-1,text,true,,208,156,10,10,http://162.55.220.72:5005/object_info_1?name=Fera&age=27&weight=50,195,0,95
1639651053470,207,object_info_1,200,OK,Group_23 1-2,text,true,,208,156,10,10,http://162.55.220.72:5005/object_info_1?name=Fera&age=27&weight=50,207,0,101
1639651053478,204,object_info_4,200,OK,Group_23 1-9,text,true,,200,157,10,10,http://162.55.220.72:5005/object_info_4?name=Fera&age=27&salary=500,203,0,98
1639651053558,196,user_info_3,200,OK,Group_23 1-4,text,true,,258,240,10,10,http://162.55.220.72:5005/user_info_3,196,0,95
1639651053569,202,get_method,200,OK,Group_23 1-8,text,true,,160,143,10,10,http://162.55.220.72:5005/get_method?name=Fera&age=27,202,0,98
1639651053578,207,user_info_2,200,OK,Group_23 1-6,text,true,,380,239,10,10,http://162.55.220.72:5005/user_info_2,207,0,101
1639651053581,206,object_info_4,200,OK,Group_23 1-10,text,true,,200,157,10,10,http://162.55.220.72:5005/object_info_4?name=Fera&age=27&salary=500,206,0,101
1639651053643,186,object_info_1,200,OK,Group_23 1-3,text,true,,208,156,10,10,http://162.55.220.72:5005/object_info_1?name=Fera&age=27&weight=50,186,0,91
1639651053649,193,user_info_2,200,OK,Group_23 1-7,text,true,,380,239,10,10,http://162.55.220.72:5005/user_info_2,193,0,94
1639651053677,200,object_info_2,200,OK,Group_23 1-2,text,true,,380,157,10,10,http://162.55.220.72:5005/object_info_2?name=Fera&age=27&salary=500,199,0,97
1639651053669,209,object_info_2,200,OK,Group_23 1-1,text,true,,380,157,10,10,http://162.55.220.72:5005/object_info_2?name=Fera&age=27&salary=500,209,0,101
1639651053682,196,get_method,200,OK,Group_23 1-9,text,true,,160,143,10,10,http://162.55.220.72:5005/get_method?name=Fera&age=27,196,0,95
1639651053668,212,user_info_3,200,OK,Group_23 1-5,text,true,,258,240,10,10,http://162.55.220.72:5005/user_info_3,212,0,102
1639651053754,207,object_info_1,200,OK,Group_23 1-4,text,true,,208,156,10,10,http://162.55.220.72:5005/object_info_1?name=Fera&age=27&weight=50,207,0,101
1639651053771,202,user_info_2,200,OK,Group_23 1-8,text,true,,380,239,10,10,http://162.55.220.72:5005/user_info_2,202,0,101
1639651053787,196,get_method,200,OK,Group_23 1-10,text,true,,160,143,10,10,http://162.55.220.72:5005/get_method?name=Fera&age=27,196,0,96
1639651053785,208,user_info_3,200,OK,Group_23 1-6,text,true,,258,240,10,10,http://162.55.220.72:5005/user_info_3,208,0,102
1639651053830,197,object_info_2,200,OK,Group_23 1-3,text,true,,380,157,10,10,http://162.55.220.72:5005/object_info_2?name=Fera&age=27&salary=500,197,0,96
1639651053842,204,user_info_3,200,OK,Group_23 1-7,text,true,,258,240,10,10,http://162.55.220.72:5005/user_info_3,204,0,99
1639651053877,200,object_info_3,200,OK,Group_23 1-2,text,true,,330,157,10,10,http://162.55.220.72:5005/object_info_3?name=Fera&age=27&salary=500,200,0,96
1639651053878,206,object_info_3,200,OK,Group_23 1-1,text,true,,330,157,10,10,http://162.55.220.72:5005/object_info_3?name=Fera&age=27&salary=500,206,0,100
1639651053878,212,user_info_2,200,OK,Group_23 1-9,text,true,,380,239,10,10,http://162.55.220.72:5005/user_info_2,212,0,102
1639651053880,212,object_info_1,200,OK,Group_23 1-5,text,true,,208,156,10,10,http://162.55.220.72:5005/object_info_1?name=Fera&age=27&weight=50,212,0,102
1639651053961,193,object_info_2,200,OK,Group_23 1-4,text,true,,380,157,10,10,http://162.55.220.72:5005/object_info_2?name=Fera&age=27&salary=500,193,0,95
1639651053973,207,user_info_3,200,OK,Group_23 1-8,text,true,,258,240,10,10,http://162.55.220.72:5005/user_info_3,207,0,101
1639651053983,200,user_info_2,200,OK,Group_23 1-10,text,true,,380,239,10,10,http://162.55.220.72:5005/user_info_2,200,0,97
1639651053993,196,object_info_1,200,OK,Group_23 1-6,text,true,,208,156,10,10,http://162.55.220.72:5005/object_info_1?name=Fera&age=27&weight=50,196,0,94
1639651054027,194,object_info_3,200,OK,Group_23 1-3,text,true,,330,157,10,10,http://162.55.220.72:5005/object_info_3?name=Fera&age=27&salary=500,194,0,95
1639651054047,197,object_info_1,200,OK,Group_23 1-7,text,true,,208,156,10,10,http://162.55.220.72:5005/object_info_1?name=Fera&age=27&weight=50,197,0,96
1639651054085,199,object_info_4,200,OK,Group_23 1-1,text,true,,200,157,10,10,http://162.55.220.72:5005/object_info_4?name=Fera&age=27&salary=500,199,0,96
1639651054077,208,object_info_4,200,OK,Group_23 1-2,text,true,,200,157,9,9,http://162.55.220.72:5005/object_info_4?name=Fera&age=27&salary=500,208,0,101
1639651054091,198,user_info_3,200,OK,Group_23 1-9,text,true,,258,240,8,8,http://162.55.220.72:5005/user_info_3,198,0,96
1639651054092,200,object_info_2,200,OK,Group_23 1-5,text,true,,380,157,8,8,http://162.55.220.72:5005/object_info_2?name=Fera&age=27&salary=500,199,0,98
1639651054155,208,object_info_3,200,OK,Group_23 1-4,text,true,,330,157,8,8,http://162.55.220.72:5005/object_info_3?name=Fera&age=27&salary=500,208,0,101
1639651054180,199,object_info_1,200,OK,Group_23 1-8,text,true,,208,156,8,8,http://162.55.220.72:5005/object_info_1?name=Fera&age=27&weight=50,199,0,96
1639651054184,207,user_info_3,200,OK,Group_23 1-10,text,true,,258,240,8,8,http://162.55.220.72:5005/user_info_3,207,0,99
1639651054189,202,object_info_2,200,OK,Group_23 1-6,text,true,,380,157,8,8,http://162.55.220.72:5005/object_info_2?name=Fera&age=27&salary=500,202,0,98
1639651054221,200,object_info_4,200,OK,Group_23 1-3,text,true,,200,157,8,8,http://162.55.220.72:5005/object_info_4?name=Fera&age=27&salary=500,200,0,98
1639651054244,198,object_info_2,200,OK,Group_23 1-7,text,true,,380,157,7,7,http://162.55.220.72:5005/object_info_2?name=Fera&age=27&salary=500,198,0,96
1639651054289,197,object_info_1,200,OK,Group_23 1-9,text,true,,208,156,7,7,http://162.55.220.72:5005/object_info_1?name=Fera&age=27&weight=50,197,0,95
1639651054292,208,object_info_3,200,OK,Group_23 1-5,text,true,,330,157,7,7,http://162.55.220.72:5005/object_info_3?name=Fera&age=27&salary=500,208,0,101
1639651054363,198,object_info_4,200,OK,Group_23 1-4,text,true,,200,157,7,7,http://162.55.220.72:5005/object_info_4?name=Fera&age=27&salary=500,198,0,97
1639651054380,208,object_info_2,200,OK,Group_23 1-8,text,true,,380,157,6,6,http://162.55.220.72:5005/object_info_2?name=Fera&age=27&salary=500,208,0,101
1639651054391,199,object_info_1,200,OK,Group_23 1-10,text,true,,208,156,6,6,http://162.55.220.72:5005/object_info_1?name=Fera&age=27&weight=50,199,0,97
1639651054391,210,object_info_3,200,OK,Group_23 1-6,text,true,,330,157,6,6,http://162.55.220.72:5005/object_info_3?name=Fera&age=27&salary=500,210,0,101
1639651054442,208,object_info_3,200,OK,Group_23 1-7,text,true,,330,157,6,6,http://162.55.220.72:5005/object_info_3?name=Fera&age=27&salary=500,208,0,101
1639651054486,210,object_info_2,200,OK,Group_23 1-9,text,true,,380,157,6,6,http://162.55.220.72:5005/object_info_2?name=Fera&age=27&salary=500,210,0,101
1639651054500,208,object_info_4,200,OK,Group_23 1-5,text,true,,200,157,6,6,http://162.55.220.72:5005/object_info_4?name=Fera&age=27&salary=500,208,0,100
1639651054588,192,object_info_3,200,OK,Group_23 1-8,text,true,,330,157,5,5,http://162.55.220.72:5005/object_info_3?name=Fera&age=27&salary=500,192,0,92
1639651054590,204,object_info_2,200,OK,Group_23 1-10,text,true,,380,157,5,5,http://162.55.220.72:5005/object_info_2?name=Fera&age=27&salary=500,204,0,99
1639651054601,209,object_info_4,200,OK,Group_23 1-6,text,true,,200,157,5,5,http://162.55.220.72:5005/object_info_4?name=Fera&age=27&salary=500,208,0,99
1639651054651,200,object_info_4,200,OK,Group_23 1-7,text,true,,200,157,4,4,http://162.55.220.72:5005/object_info_4?name=Fera&age=27&salary=500,200,0,97
1639651054696,197,object_info_3,200,OK,Group_23 1-9,text,true,,330,157,3,3,http://162.55.220.72:5005/object_info_3?name=Fera&age=27&salary=500,197,0,94
1639651054780,208,object_info_4,200,OK,Group_23 1-8,text,true,,200,157,3,3,http://162.55.220.72:5005/object_info_4?name=Fera&age=27&salary=500,208,0,101
1639651054794,198,object_info_3,200,OK,Group_23 1-10,text,true,,330,157,2,2,http://162.55.220.72:5005/object_info_3?name=Fera&age=27&salary=500,198,0,98
1639651054893,211,object_info_4,200,OK,Group_23 1-9,text,true,,200,157,2,2,http://162.55.220.72:5005/object_info_4?name=Fera&age=27&salary=500,211,0,103
1639651054992,212,object_info_4,200,OK,Group_23 1-10,text,true,,200,157,1,1,http://162.55.220.72:5005/object_info_4?name=Fera&age=27&salary=500,212,0,102
